Adam,Garstka,https://netguruco-production.s3.amazonaws.com/uploads/1413450300-adam_g_on.jpg
Adam,Garstka,https://netguruco-production.s3.amazonaws.com/uploads/adam_n-on.jpg
Adrian,Garstka,https://netguruco-production.s3.amazonaws.com/uploads/1414754580-adrian_on.png
Adrian,Garstka,https://netguruco-production.s3.amazonaws.com/uploads/1406638035-adrian-on.jpg
Agata,Garstka,https://netguruco-production.s3.amazonaws.com/uploads/1409565907-agata_on.png
Agnieszka,Nowak,https://netguruco-production.s3.amazonaws.com/uploads/aga-on-squre.png
Agnieszka,Garstka,https://netguruco-production.s3.amazonaws.com/uploads/1409567034-agnieszka_on.png
Aleksander,Nowak,https://netguruco-production.s3.amazonaws.com/uploads/alex_w-on.jpg
Ola,Nowak,https://netguruco-production.s3.amazonaws.com/uploads/1414752877-ola_on.png
Ola,Garstka,https://netguruco-production.s3.amazonaws.com/uploads/ola_p-on.jpg
Ania,Garstka,https://netguruco-production.s3.amazonaws.com/uploads/ania_b-on.jpg
Anna,Nowak,https://netguruco-production.s3.amazonaws.com/uploads/1413451036-anna_h_on.jpg
Anna,Garstka,https://netguruco-production.s3.amazonaws.com/uploads/1415785103-anna_on.jpg
Artur,Garstka,https://netguruco-production.s3.amazonaws.com/uploads/1411735258-artur_on.jpg
Bartosz,Garstka,https://netguruco-production.s3.amazonaws.com/uploads/bartosz_k-on.jpg
Bartek,Garstka,https://netguruco-production.s3.amazonaws.com/uploads/bartek_p-on.jpg
Błażej,Garstka,https://netguruco-production.s3.amazonaws.com/uploads/blazej_h-on.jpg
Błażej,Nowak,https://netguruco-production.s3.amazonaws.com/uploads/1416304130-blazej_on.jpg
Brian,Garstka,https://netguruco-production.s3.amazonaws.com/uploads/1406636957-brian-on.jpg
Daniel,Nowak,https://netguruco-production.s3.amazonaws.com/uploads/1410952171-daniel_off.jpg
Daniel,Nowak,https://netguruco-production.s3.amazonaws.com/uploads/1411651042-daniel_on.jpg
Dariusz,Garstka,https://netguruco-production.s3.amazonaws.com/uploads/dariusz_m-on.jpg
Dawid,Nowak,https://netguruco-production.s3.amazonaws.com/uploads/dawid_w-on.jpg
Diana,Garstka,https://netguruco-production.s3.amazonaws.com/uploads/diana-on.png
Dominik,Nowak,https://netguruco-production.s3.amazonaws.com/uploads/1413451750-dominik_t_on.jpg
Dominika,Nowak,https://netguruco-production.s3.amazonaws.com/uploads/dominika_s-on.jpg
Dorota,Nowak,https://netguruco-production.s3.amazonaws.com/uploads/dorota_n-on.jpg
Ela,Nowak,https://netguruco-production.s3.amazonaws.com/uploads/ela_p-on.jpg
Grzegorz,Garstka,https://netguruco-production.s3.amazonaws.com/uploads/1415868466-grzegorz_on.jpg
Hipbot,Garstka,https://netguruco-production.s3.amazonaws.com/uploads/hipbot-on.jpg
Igor,Nowak,https://netguruco-production.s3.amazonaws.com/uploads/igor_d-on.jpg
Jacek,Garstka,https://netguruco-production.s3.amazonaws.com/uploads/jacek_j-on.jpg
Jacek,Garstka,https://netguruco-production.s3.amazonaws.com/uploads/1413453377-jacek_k_on.jpg
Jacek,Nowak,https://netguruco-production.s3.amazonaws.com/uploads/1406633087-jacek-on.jpg
Jakub,Garstka,https://netguruco-production.s3.amazonaws.com/uploads/1408629029-jakub_on.jpg
Jakub,Garstka,https://netguruco-production.s3.amazonaws.com/uploads/1414754090-jakub_on.png
Joseph,Nowak,https://netguruco-production.s3.amazonaws.com/uploads/1416216768-1415267534-joseph.jpg
Kamil,Nowak,https://netguruco-production.s3.amazonaws.com/uploads/kamil_p-on.jpg
Kamila,Nowak,https://netguruco-production.s3.amazonaws.com/uploads/1403699123-kamil-on.jpg
Kasia,Garstka,https://netguruco-production.s3.amazonaws.com/uploads/1417087615-kasia_on.jpg
Krzysztof,Nowak,https://netguruco-production.s3.amazonaws.com/uploads/krzysztof_u-on.jpg
Łukasz,Garstka,https://netguruco-production.s3.amazonaws.com/uploads/lukasz_j-on.jpg
Maciej,Garstka,https://netguruco-production.s3.amazonaws.com/uploads/1403699520-maciej-on.jpg
Maciej,Nowak,https://netguruco-production.s3.amazonaws.com/uploads/1410534722-maciej_on.png
Magda,Nowak,https://netguruco-production.s3.amazonaws.com/uploads/magda_n-on.jpg
Magda,Garstka,https://netguruco-production.s3.amazonaws.com/uploads/magda_s-on.jpg
Magda,Garstka,https://netguruco-production.s3.amazonaws.com/uploads/magda_t-on.jpg
Małgorzata,Nowak,https://netguruco-production.s3.amazonaws.com/uploads/1416302109-gosia_s_on.jpg
Marcin,Garstka,https://netguruco-production.s3.amazonaws.com/uploads/marcin_b-on.jpg
Marcin,Garstka,https://netguruco-production.s3.amazonaws.com/uploads/1411734847-marcin_on.jpg
Marcin,Nowak,https://netguruco-production.s3.amazonaws.com/uploads/1403114227-mhorosz-on.jpg
Marcin,Garstka,https://netguruco-production.s3.amazonaws.com/uploads/1412087217-marcin_on.jpg
Marcin,Garstka,https://netguruco-production.s3.amazonaws.com/uploads/1413452848-marcin_p_on.jpg
Marcin,Garstka,https://netguruco-production.s3.amazonaws.com/uploads/marcin_s-on.jpg
Marek,Garstka,https://netguruco-production.s3.amazonaws.com/uploads/marek_b-on.jpg
Marek,Nowak,https://netguruco-production.s3.amazonaws.com/uploads/marek_m-on.jpg
Marek,Garstka,https://netguruco-production.s3.amazonaws.com/uploads/marek_pa-on.jpg
Marek,Nowak,https://netguruco-production.s3.amazonaws.com/uploads/marek_po-on.jpg
Marek,Garstka,https://netguruco-production.s3.amazonaws.com/uploads/marek_w-on.jpg
Maria,Garstka,https://netguruco-production.s3.amazonaws.com/uploads/1417088475-maria_on.jpg
Marianna,Garstka,https://netguruco-production.s3.amazonaws.com/uploads/1413454346-marianna_on.jpg
Marta,Garstka,https://netguruco-production.s3.amazonaws.com/uploads/1406638551-marta-on.jpg
Marta,Garstka,https://netguruco-production.s3.amazonaws.com/uploads/marta_w-on.jpg
Mateusz,Nowak,https://netguruco-production.s3.amazonaws.com/uploads/mateusz_c-on.jpg
Mateusz,Garstka,https://netguruco-production.s3.amazonaws.com/uploads/1413455234-mateusz_d_on.jpg
Mateusz,Nowak,https://netguruco-production.s3.amazonaws.com/uploads/mateusz_g-on.jpg
Mateusz,Garstka,https://netguruco-production.s3.amazonaws.com/uploads/1408526603-mateusz_on.jpg
Michał,Garstka,https://netguruco-production.s3.amazonaws.com/uploads/1413455982-michal_p_on.jpg
Michał,Garstka,https://netguruco-production.s3.amazonaws.com/uploads/1415788550-michal_on.jpg
Michał,Garstka,https://netguruco-production.s3.amazonaws.com/uploads/1406630202-michal-on.jpg
Michał,Nowak,https://netguruco-production.s3.amazonaws.com/uploads/michal_z-on.jpg
Nicole,Nowak,https://netguruco-production.s3.amazonaws.com/uploads/1416383316-14152713451-nicole_on.jpg
Oskar,Nowak,https://d2c6pgtcs7t3ua.cloudfront.net/assets/team/blank-m-3b9e9ff275ef1879d731949048ea6d55.jpg
Patryk,Garstka,https://netguruco-production.s3.amazonaws.com/uploads/1409569811-patryk_on.jpg
Patryk,Garstka,https://netguruco-production.s3.amazonaws.com/uploads/1415787574-patryk_on.jpg
Paulina,Nowak,https://netguruco-production.s3.amazonaws.com/uploads/1412086257-paulina_on.jpg
Paweł,Nowak,https://netguruco-production.s3.amazonaws.com/uploads/1409568045-pawel_on.jpg
Piotr,Nowak,https://netguruco-production.s3.amazonaws.com/uploads/piotr_j-off.jpg
Piotr,Garstka,https://netguruco-production.s3.amazonaws.com/uploads/piotr_p_on.png
Radek,Garstka,https://netguruco-production.s3.amazonaws.com/uploads/radek_p-on.jpg
Rafał,Nowak,https://netguruco-production.s3.amazonaws.com/uploads/rafal_g-on.jpg
Rafał,Nowak,https://netguruco-production.s3.amazonaws.com/uploads/1406628716-rafal-cover.jpg
Robert,Garstka,https://netguruco-production.s3.amazonaws.com/uploads/robert_k-on.jpg
Szymon,Nowak,https://netguruco-production.s3.amazonaws.com/uploads/szymon_f-on.jpg
Tomek,Nowak,https://netguruco-production.s3.amazonaws.com/uploads/tomek_p-on.jpg
Wiktoria,Nowak,https://netguruco-production.s3.amazonaws.com/uploads/1416393358-wiktoria_on.jpg
Wojciech,Nowak,https://netguruco-production.s3.amazonaws.com/uploads/1413456521-wojciech_t_on.jpg
Wojtek,Nowak,https://netguruco-production.s3.amazonaws.com/uploads/wojtek_p-on.jpg
